{"cameraMode":{"drawMode":0,"name":"Shaded","section":"Shading Mode"},"sceneLighting":true,"audioPlay":false,"sceneViewState":{"showFog":true,"showMaterialUpdate":false,"showSkybox":true,"showFlares":true,"showImageEffects":true,"showParticleSystems":true},"in2DMode":false,"pivot":{"x":173.93234252929688,"y":508.4900817871094,"z":-29.008621215820314},"rotation":{"x":0.16270671784877778,"y":0.028116105124354364,"z":-0.0046383533626794819,"w":0.9862650632858276},"size":109.27227020263672,"orthographic":false}